,Date,Province/State,Country/Region,Last Update,Confirmed,Deaths,Active,Recovered,Latitude,Longitude,Combined_Key,Incident_Rate,Case_Fatality_Ratio
0,2020-01-22,Hong Kong,China,2020-01-22 17:00:00,0.0,0.0,0.0,0.0,22.300000000000008,114.20000000000003,"Hong Kong, China",,
1,2020-01-23,Hong Kong,China,2020-01-23 17:00:00,2.0,0.0,0.0,0.0,22.300000000000008,114.20000000000003,"Hong Kong, China",,
2,2020-01-24,Hong Kong,China,2020-01-24 17:00:00,2.0,0.0,0.0,0.0,22.300000000000008,114.20000000000003,"Hong Kong, China",,
3,2020-01-25,Hong Kong,China,2020-01-25 17:00:00,5.0,0.0,0.0,0.0,22.300000000000008,114.20000000000003,"Hong Kong, China",,
4,2020-01-26,Hong Kong,China,2020-01-26 16:00:00,8.0,0.0,0.0,0.0,22.300000000000008,114.20000000000003,"Hong Kong, China",,
5,2020-01-27,Hong Kong,China,2020-01-27 23:59:00,8.0,0.0,0.0,0.0,22.300000000000008,114.20000000000003,"Hong Kong, China",,
6,2020-01-28,Hong Kong,China,2020-01-28 23:00:00,8.0,0.0,0.0,0.0,22.300000000000008,114.20000000000003,"Hong Kong, China",,
7,2020-01-29,Hong Kong,China,2020-01-29 19:30:00,10.0,0.0,0.0,0.0,22.300000000000008,114.20000000000003,"Hong Kong, China",,
8,2020-01-30,Hong Kong,China,2020-01-30 16:00:00,10.0,0.0,0.0,0.0,22.300000000000008,114.20000000000003,"Hong Kong, China",,
9,2020-01-31,Hong Kong,China,2020-01-31 23:59:00,12.0,0.0,0.0,0.0,22.300000000000008,114.20000000000003,"Hong Kong, China",,
10,2020-02-01,Hong Kong,China,2020-02-01 05:37:00,13.0,0.0,0.0,0.0,22.300000000000008,114.20000000000003,"Hong Kong, China",,
11,2020-02-02,Hong Kong,China,2020-02-02 23:53:02,15.0,0.0,0.0,0.0,22.300000000000008,114.20000000000003,"Hong Kong, China",,
12,2020-02-03,Hong Kong,China,2020-02-02 23:53:02,15.0,0.0,0.0,0.0,22.300000000000008,114.20000000000003,"Hong Kong, China",,
13,2020-02-04,Hong Kong,China,2020-02-04 09:03:02,17.0,1.0,0.0,0.0,22.300000000000008,114.20000000000003,"Hong Kong, China",,
14,2020-02-05,Hong Kong,China,2020-02-05 13:13:10,21.0,1.0,0.0,0.0,22.300000000000008,114.20000000000003,"Hong Kong, China",,
15,2020-02-06,Hong Kong,China,2020-02-06 14:43:02,24.0,1.0,0.0,0.0,22.300000000000008,114.20000000000003,"Hong Kong, China",,
16,2020-02-07,Hong Kong,China,2020-02-07 11:53:02,25.0,1.0,0.0,0.0,22.300000000000008,114.20000000000003,"Hong Kong, China",,
17,2020-02-08,Hong Kong,China,2020-02-08 00:03:07,26.0,1.0,0.0,0.0,22.300000000000008,114.20000000000003,"Hong Kong, China",,
18,2020-02-09,Hong Kong,China,2020-02-09 09:53:02,29.0,1.0,0.0,0.0,22.300000000000008,114.20000000000003,"Hong Kong, China",,
19,2020-02-10,Hong Kong,China,2020-02-10 10:13:06,38.0,1.0,0.0,0.0,22.300000000000008,114.20000000000003,"Hong Kong, China",,
20,2020-02-11,Hong Kong,China,2020-02-11 09:43:02,49.0,1.0,0.0,0.0,22.300000000000008,114.20000000000003,"Hong Kong, China",,
21,2020-02-12,Hong Kong,China,2020-02-12 09:53:02,50.0,1.0,0.0,1.0,22.300000000000008,114.20000000000003,"Hong Kong, China",,
22,2020-02-13,Hong Kong,China,2020-02-13 14:53:02,53.0,1.0,0.0,1.0,22.300000000000008,114.20000000000003,"Hong Kong, China",,
23,2020-02-14,Hong Kong,China,2020-02-14 09:03:12,56.0,1.0,0.0,1.0,22.300000000000008,114.20000000000003,"Hong Kong, China",,
24,2020-02-15,Hong Kong,China,2020-02-14 09:03:12,56.0,1.0,0.0,1.0,22.300000000000008,114.20000000000003,"Hong Kong, China",,
25,2020-02-16,Hong Kong,China,2020-02-16 09:53:01,57.0,1.0,0.0,2.0,22.300000000000008,114.20000000000003,"Hong Kong, China",,
26,2020-02-17,Hong Kong,China,2020-02-17 22:53:01,60.0,1.0,0.0,2.0,22.300000000000008,114.20000000000003,"Hong Kong, China",,
27,2020-02-18,Hong Kong,China,2020-02-18 23:43:02,62.0,1.0,0.0,2.0,22.300000000000008,114.20000000000003,"Hong Kong, China",,
28,2020-02-19,Hong Kong,China,2020-02-19 12:13:08,63.0,2.0,0.0,5.0,22.300000000000008,114.20000000000003,"Hong Kong, China",,
29,2020-02-20,Hong Kong,China,2020-02-20 23:13:05,68.0,2.0,0.0,6.0,22.300000000000008,114.20000000000003,"Hong Kong, China",,
30,2020-02-21,Hong Kong,China,2020-02-21 03:43:02,68.0,2.0,0.0,5.0,22.300000000000008,114.20000000000003,"Hong Kong, China",,
31,2020-02-22,Hong Kong,China,2020-02-22 13:23:05,69.0,2.0,0.0,6.0,22.300000000000008,114.20000000000003,"Hong Kong, China",,
32,2020-02-23,Hong Kong,China,2020-02-23 09:53:02,74.0,2.0,0.0,11.0,22.300000000000008,114.20000000000003,"Hong Kong, China",,
33,2020-02-24,Hong Kong,China,2020-02-24 11:23:06,79.0,2.0,0.0,19.0,22.300000000000008,114.20000000000003,"Hong Kong, China",,
34,2020-02-25,Hong Kong,China,2020-02-25 09:43:02,84.0,2.0,0.0,19.0,22.300000000000008,114.20000000000003,"Hong Kong, China",,
35,2020-02-26,Hong Kong,China,2020-02-26 23:43:02,91.0,2.0,0.0,24.0,22.300000000000008,114.20000000000003,"Hong Kong, China",,
36,2020-02-27,Hong Kong,China,2020-02-27 09:53:02,92.0,2.0,0.0,24.0,22.300000000000008,114.20000000000003,"Hong Kong, China",,
37,2020-02-28,Hong Kong,China,2020-02-28 10:03:12,94.0,2.0,0.0,30.0,22.300000000000008,114.20000000000003,"Hong Kong, China",,
38,2020-02-29,Hong Kong,China,2020-02-29 23:53:02,95.0,2.0,0.0,33.0,22.300000000000008,114.20000000000003,"Hong Kong, China",,
39,2020-03-01,Hong Kong,China,2020-03-01 14:33:16,96.0,2.0,0.0,36.0,22.300000000000008,114.20000000000003,"Hong Kong, China",,
40,2020-03-02,Hong Kong,China,2020-03-02 23:53:02,100.0,2.0,0.0,36.0,22.300000000000008,114.20000000000003,"Hong Kong, China",,
41,2020-03-03,Hong Kong,China,2020-03-03 11:53:01,100.0,2.0,0.0,37.0,22.300000000000008,114.20000000000003,"Hong Kong, China",,
42,2020-03-04,Hong Kong,China,2020-03-04 23:23:01,105.0,2.0,0.0,37.0,22.300000000000008,114.20000000000003,"Hong Kong, China",,
43,2020-03-05,Hong Kong,China,2020-03-05 00:23:07,105.0,2.0,0.0,43.0,22.300000000000008,114.20000000000003,"Hong Kong, China",,
44,2020-03-06,Hong Kong,China,2020-03-06 23:13:06,107.0,2.0,0.0,46.0,22.300000000000008,114.20000000000003,"Hong Kong, China",,
45,2020-03-07,Hong Kong,China,2020-03-07 10:13:22,108.0,2.0,0.0,51.0,22.300000000000008,114.20000000000003,"Hong Kong, China",,
46,2020-03-08,Hong Kong,China,2020-03-08 14:43:03,114.0,3.0,0.0,58.0,22.300000000000008,114.20000000000003,"Hong Kong, China",,
47,2020-03-09,Hong Kong,China,2020-03-09 10:03:17,115.0,3.0,0.0,59.0,22.300000000000008,114.20000000000003,"Hong Kong, China",,
48,2020-03-10,Hong Kong,China,2020-03-10 23:53:02,120.0,3.0,0.0,65.0,22.300000000000008,114.20000000000003,"Hong Kong, China",,
49,2020-03-11,Hong Kong,China,2020-03-11 18:52:03,126.0,3.0,0.0,65.0,22.300000000000008,114.20000000000003,"Hong Kong, China",,
50,2020-03-12,Hong Kong,China,2020-03-12 01:53:02,129.0,3.0,0.0,67.0,22.300000000000008,114.20000000000003,"Hong Kong, China",,
51,2020-03-13,Hong Kong,China,2020-03-13 13:33:03,134.0,4.0,0.0,77.0,22.300000000000008,114.20000000000003,"Hong Kong, China",,
52,2020-03-14,Hong Kong,China,2020-03-14 12:53:06,140.0,4.0,0.0,78.0,22.300000000000008,114.20000000000003,"Hong Kong, China",,
53,2020-03-15,Hong Kong,China,2020-03-15 18:20:18,145.0,4.0,0.0,81.0,22.300000000000008,114.20000000000003,"Hong Kong, China",,
54,2020-03-16,Hong Kong,China,2020-03-16 14:38:45,155.0,4.0,0.0,84.0,22.300000000000008,114.20000000000003,"Hong Kong, China",,
55,2020-03-17,Hong Kong,China,2020-03-17 10:13:11,162.0,4.0,0.0,88.0,22.300000000000008,114.20000000000003,"Hong Kong, China",,
56,2020-03-18,Hong Kong,China,2020-03-18 09:33:05,181.0,4.0,0.0,92.0,22.300000000000008,114.20000000000003,"Hong Kong, China",,
57,2020-03-19,Hong Kong,China,2020-03-19 09:53:20,208.0,4.0,0.0,95.0,22.300000000000008,114.20000000000003,"Hong Kong, China",,
58,2020-03-20,Hong Kong,China,2020-03-20 09:43:03,256.0,4.0,0.0,98.0,22.300000000000008,114.20000000000003,"Hong Kong, China",,
59,2020-03-21,Hong Kong,China,2020-03-21 09:13:14,273.0,4.0,0.0,98.0,22.300000000000008,114.20000000000003,"Hong Kong, China",,
60,2020-03-22,Hong Kong,China,2020-03-22 09:33:00,317.0,4.0,213.0,100.0,22.300000000000008,114.20000000000003,"Hong Kong, China",,
61,2020-03-23,Hong Kong,China,2020-03-23 10:06:18,356.0,4.0,252.0,100.0,22.300000000000008,114.20000000000003,"Hong Kong, China",,
62,2020-03-24,Hong Kong,China,2020-03-24 09:09:41,386.0,4.0,281.0,101.0,22.300000000000008,114.20000000000003,"Hong Kong, China",,
63,2020-03-25,Hong Kong,China,2020-03-25 09:10:20,410.0,4.0,304.0,102.0,22.300000000000008,114.20000000000003,"Hong Kong, China",,
64,2020-03-26,Hong Kong,China,2020-03-26 10:05:28,453.0,4.0,339.0,110.0,22.300000000000008,114.20000000000003,"Hong Kong, China",,
65,2020-03-27,Hong Kong,China,2020-03-27 09:27:52,519.0,4.0,405.0,110.0,22.300000000000008,114.20000000000003,"Hong Kong, China",,
66,2020-03-28,Hong Kong,China,2020-03-28 12:50:00,561.0,4.0,445.0,112.0,22.300000000000008,114.20000000000003,"Hong Kong, China",,
67,2020-03-29,Hong Kong,China,2020-03-29 09:40:00,641.0,4.0,525.0,112.0,22.300000000000008,114.20000000000003,"Hong Kong, China",,
68,2020-03-30,Hong Kong,China,2020-03-30 09:27:00,682.0,4.0,555.0,123.0,22.300000000000008,114.20000000000003,"Hong Kong, China",,
69,2020-03-31,Hong Kong,China,2020-03-31 09:10:05,714.0,4.0,582.0,128.0,22.300000000000008,114.20000000000003,"Hong Kong, China",,
70,2020-04-01,Hong Kong,China,2020-04-01 11:07:39,765.0,4.0,614.0,147.0,22.300000000000008,114.20000000000003,"Hong Kong, China",,
71,2020-04-02,Hong Kong,China,2020-04-02 08:53:00,802.0,4.0,651.0,147.0,22.300000000000008,114.20000000000003,"Hong Kong, China",,
72,2020-04-03,Hong Kong,China,2020-04-03 09:35:41,845.0,4.0,668.0,173.0,22.300000000000008,114.20000000000003,"Hong Kong, China",,
73,2020-04-04,Hong Kong,China,2020-04-04 09:38:00,862.0,4.0,685.0,173.0,22.300000000000008,114.20000000000003,"Hong Kong, China",,
74,2020-04-05,Hong Kong,China,2020-04-05 09:23:04,890.0,4.0,680.0,206.0,22.300000000000008,114.20000000000003,"Hong Kong, China",,
75,2020-04-06,Hong Kong,China,2020-04-06 09:37:00,914.0,4.0,694.0,216.0,22.300000000000008,114.20000000000003,"Hong Kong, China",,
76,2020-04-07,Hong Kong,China,2020-04-07 09:08:12,935.0,4.0,715.0,216.0,22.300000000000008,114.20000000000003,"Hong Kong, China",,
77,2020-04-08,Hong Kong,China,2020-04-08 09:23:07,960.0,4.0,692.0,264.0,22.300000000000008,114.20000000000003,"Hong Kong, China",,
78,2020-04-09,Hong Kong,China,2020-04-09 09:16:48,973.0,4.0,676.0,293.0,22.300000000000008,114.20000000000003,"Hong Kong, China",,
79,2020-04-10,Hong Kong,China,2020-04-10 10:12:56,989.0,4.0,676.0,309.0,22.300000000000008,114.20000000000003,"Hong Kong, China",,
80,2020-04-11,Hong Kong,China,2020-04-11 08:51:55,1000.0,4.0,660.0,336.0,22.300000000000008,114.20000000000003,"Hong Kong, China",,
81,2020-04-12,Hong Kong,China,2020-04-12 10:22:00,1004.0,4.0,640.0,360.0,22.300000000000008,114.20000000000003,"Hong Kong, China",,
82,2020-04-13,Hong Kong,China,2020-04-13 09:36:31,1009.0,4.0,645.0,360.0,22.300000000000008,114.20000000000003,"Hong Kong, China",,
83,2020-04-14,Hong Kong,China,2020-04-14 10:29:41,1012.0,4.0,574.0,434.0,22.300000000000008,114.20000000000003,"Hong Kong, China",,
84,2020-04-15,Hong Kong,China,2020-04-15 14:46:10,1017.0,4.0,554.0,459.0,22.300000000000008,114.20000000000003,"Hong Kong, China",,
85,2020-04-16,Hong Kong,China,2020-04-16 09:30:36,1017.0,4.0,528.0,485.0,22.300000000000008,114.20000000000003,"Hong Kong, China",,
86,2020-04-17,Hong Kong,China,2020-04-17 09:19:52,1021.0,4.0,484.0,533.0,22.300000000000008,114.20000000000003,"Hong Kong, China",,
87,2020-04-18,Hong Kong,China,2020-04-18 15:25:38,1024.0,4.0,452.0,568.0,22.300000000000008,114.20000000000003,"Hong Kong, China",,
88,2020-04-19,Hong Kong,China,2020-04-19 09:47:33,1025.0,4.0,419.0,602.0,22.300000000000008,114.20000000000003,"Hong Kong, China",,
89,2020-04-20,Hong Kong,China,2020-04-20 09:59:38,1025.0,4.0,391.0,630.0,22.300000000000008,114.20000000000003,"Hong Kong, China",,
90,2020-04-21,Hong Kong,China,2020-04-21 11:31:51,1029.0,4.0,375.0,650.0,22.300000000000008,114.20000000000003,"Hong Kong, China",,
91,2020-04-22,Hong Kong,China,2020-04-22 11:20:17,1033.0,4.0,351.0,678.0,22.300000000000008,114.20000000000003,"Hong Kong, China",,
92,2020-04-23,Hong Kong,China,2020-04-23 10:54:47,1035.0,4.0,332.0,699.0,22.300000000000008,114.20000000000003,"Hong Kong, China",,
93,2020-04-24,Hong Kong,China,2020-04-24 12:45:30,1035.0,4.0,306.0,725.0,22.300000000000008,114.20000000000003,"Hong Kong, China",,
94,2020-04-25,Hong Kong,China,2020-04-25 09:12:59,1037.0,4.0,280.0,753.0,22.300000000000008,114.20000000000003,"Hong Kong, China",,
95,2020-04-26,Hong Kong,China,2020-04-27 00:51:44,1037.0,4.0,261.0,772.0,22.300000000000008,114.20000000000003,"Hong Kong, China",,
96,2020-04-27,Hong Kong,China,2020-04-27 11:55:16,1037.0,4.0,246.0,787.0,22.300000000000008,114.20000000000003,"Hong Kong, China",,
97,2020-04-28,Hong Kong,China,2020-04-29 02:32:29,1037.0,4.0,222.0,811.0,22.300000000000008,114.20000000000003,"Hong Kong, China",,
98,2020-04-29,Hong Kong,China,2020-04-30 02:32:27,1037.0,4.0,203.0,830.0,22.300000000000008,114.20000000000003,"Hong Kong, China",,
99,2020-04-30,Hong Kong,China,2020-05-01 02:32:28,1037.0,4.0,187.0,846.0,22.300000000000008,114.20000000000003,"Hong Kong, China",,
100,2020-05-01,Hong Kong,China,2020-05-02 02:32:27,1039.0,4.0,176.0,859.0,22.300000000000008,114.20000000000003,"Hong Kong, China",,
101,2020-05-02,Hong Kong,China,2020-05-03 02:32:28,1039.0,4.0,171.0,864.0,22.300000000000008,114.20000000000003,"Hong Kong, China",,
102,2020-05-03,Hong Kong,China,2020-05-04 02:32:28,1039.0,4.0,156.0,879.0,22.300000000000008,114.20000000000003,"Hong Kong, China",,
103,2020-05-04,Hong Kong,China,2020-05-05 02:32:34,1040.0,4.0,136.0,900.0,22.300000000000008,114.20000000000003,"Hong Kong, China",,
104,2020-05-05,Hong Kong,China,2020-05-06 02:32:31,1040.0,4.0,116.0,920.0,22.300000000000008,114.20000000000003,"Hong Kong, China",,
105,2020-05-06,Hong Kong,China,2020-05-07 02:32:28,1040.0,4.0,104.0,932.0,22.300000000000008,114.20000000000003,"Hong Kong, China",,
106,2020-05-07,Hong Kong,China,2020-05-08 02:32:32,1044.0,4.0,96.0,944.0,22.300000000000008,114.20000000000003,"Hong Kong, China",,
107,2020-05-08,Hong Kong,China,2020-05-09 02:32:35,1044.0,4.0,80.0,960.0,22.300000000000008,114.20000000000003,"Hong Kong, China",,
108,2020-05-09,Hong Kong,China,2020-05-10 02:32:30,1044.0,4.0,73.0,967.0,22.300000000000008,114.20000000000003,"Hong Kong, China",,
109,2020-05-10,Hong Kong,China,2020-05-11 02:32:30,1047.0,4.0,61.0,982.0,22.300000000000008,114.20000000000003,"Hong Kong, China",,
110,2020-05-11,Hong Kong,China,2020-05-12 03:32:27,1047.0,4.0,58.0,985.0,22.300000000000008,114.20000000000003,"Hong Kong, China",,
111,2020-05-12,Hong Kong,China,2020-05-13 03:32:26,1047.0,4.0,52.0,991.0,22.300000000000008,114.20000000000003,"Hong Kong, China",,
112,2020-05-13,Hong Kong,China,2020-05-14 03:32:28,1050.0,4.0,38.0,1008.0,22.300000000000008,114.20000000000003,"Hong Kong, China",,
113,2020-05-14,Hong Kong,China,2020-05-15 02:33:02,1051.0,4.0,38.0,1009.0,22.300000000000008,114.20000000000003,"Hong Kong, China",,
114,2020-05-15,Hong Kong,China,2020-05-16 02:32:19,1052.0,4.0,29.0,1019.0,22.300000000000008,114.20000000000003,"Hong Kong, China",,
115,2020-05-16,Hong Kong,China,2020-05-17 02:32:32,1052.0,4.0,26.0,1022.0,22.300000000000008,114.20000000000003,"Hong Kong, China",,
116,2020-05-17,Hong Kong,China,2020-05-18 02:32:21,1055.0,4.0,27.0,1024.0,22.300000000000008,114.20000000000003,"Hong Kong, China",,
117,2020-05-18,Hong Kong,China,2020-05-19 02:32:18,1055.0,4.0,26.0,1025.0,22.300000000000008,114.20000000000003,"Hong Kong, China",,
118,2020-05-19,Hong Kong,China,2020-05-20 02:32:19,1055.0,4.0,26.0,1025.0,22.300000000000008,114.20000000000003,"Hong Kong, China",,
119,2020-05-20,Hong Kong,China,2020-05-21 02:32:48,1055.0,4.0,26.0,1025.0,22.300000000000008,114.20000000000003,"Hong Kong, China",,
120,2020-05-21,Hong Kong,China,2020-05-22 02:36:51,1055.0,4.0,26.0,1025.0,22.300000000000008,114.20000000000003,"Hong Kong, China",,
121,2020-05-22,Hong Kong,China,2020-05-23 02:32:42,1065.0,4.0,32.0,1029.0,22.300000000000008,114.20000000000003,"Hong Kong, China",,
122,2020-05-23,Hong Kong,China,2020-05-24 02:32:43,1065.0,4.0,32.0,1029.0,22.300000000000008,114.20000000000003,"Hong Kong, China",,
123,2020-05-24,Hong Kong,China,2020-05-25 02:32:44,1065.0,4.0,31.0,1030.0,22.300000000000008,114.20000000000003,"Hong Kong, China",,
124,2020-05-25,Hong Kong,China,2020-05-26 02:32:35,1065.0,4.0,31.0,1030.0,22.300000000000008,114.20000000000003,"Hong Kong, China",,
125,2020-05-26,Hong Kong,China,2020-05-27 02:32:31,1065.0,4.0,28.0,1033.0,22.300000000000008,114.20000000000003,"Hong Kong, China",,
126,2020-05-27,Hong Kong,China,2020-05-28 02:32:31,1066.0,4.0,28.0,1034.0,22.300000000000008,114.20000000000003,"Hong Kong, China",,
127,2020-05-28,Hong Kong,China,2020-05-29 02:32:50,1066.0,4.0,27.0,1035.0,22.300000000000008,114.20000000000003,"Hong Kong, China",,
128,2020-05-29,Hong Kong,China,2020-05-30 02:32:48,1079.0,4.0,40.0,1035.0,22.300000000000008,114.20000000000003,"Hong Kong, China",14.392446673250644,0.3707136237256719
129,2020-05-30,Hong Kong,China,2020-05-31 02:32:45,1082.0,4.0,42.0,1036.0,22.300000000000008,114.20000000000003,"Hong Kong, China",14.43246274370454,0.3696857670979667
130,2020-05-31,Hong Kong,China,2020-06-01 02:32:46,1084.0,4.0,43.0,1037.0,22.300000000000008,114.20000000000003,"Hong Kong, China",14.459140124007137,0.3690036900369003
131,2020-06-01,Hong Kong,China,2020-06-02 02:33:08,1087.0,4.0,46.0,1037.0,22.300000000000008,114.20000000000003,"Hong Kong, China",14.49915619446103,0.3679852805887764
132,2020-06-02,Hong Kong,China,2020-06-03 02:33:13,1093.0,4.0,51.0,1038.0,22.300000000000008,114.20000000000003,"Hong Kong, China",14.579188335368816,0.3659652333028362
133,2020-06-03,Hong Kong,China,2020-06-04 02:33:14,1093.0,4.0,50.0,1039.0,22.300000000000008,114.20000000000003,"Hong Kong, China",14.579188335368816,0.3659652333028362
134,2020-06-04,Hong Kong,China,2020-06-05 02:33:06,1099.0,4.0,53.0,1042.0,22.300000000000008,114.20000000000003,"Hong Kong, China",14.659220476276603,0.3639672429481346
135,2020-06-05,Hong Kong,China,2020-06-06 02:33:00,1102.0,4.0,53.0,1045.0,22.300000000000008,114.20000000000003,"Hong Kong, China",14.6992365467305,0.3629764065335753
136,2020-06-06,Hong Kong,China,2020-06-07 03:53:30,1105.0,4.0,53.0,1048.0,22.300000000000008,114.20000000000003,"Hong Kong, China",14.739252617184396,0.3619909502262443
137,2020-06-07,Hong Kong,China,2020-06-08 03:33:22,1106.0,4.0,53.0,1049.0,22.300000000000008,114.20000000000003,"Hong Kong, China",14.752591307335692,0.3616636528028933
138,2020-06-08,Hong Kong,China,2020-06-09 03:33:03,1107.0,4.0,54.0,1049.0,22.300000000000008,114.20000000000003,"Hong Kong, China",14.76592999748699,0.3613369467028003
139,2020-06-09,Hong Kong,China,2020-06-10 04:07:00,1107.0,4.0,53.0,1050.0,22.300000000000008,114.20000000000003,"Hong Kong, China",14.76592999748699,0.3613369467028003
140,2020-06-10,Hong Kong,China,2020-06-11 03:33:41,1107.0,4.0,52.0,1051.0,22.300000000000008,114.20000000000003,"Hong Kong, China",14.76592999748699,0.3613369467028003
141,2020-06-11,Hong Kong,China,2020-06-12 05:09:52,1107.0,4.0,48.0,1055.0,22.300000000000008,114.20000000000003,"Hong Kong, China",14.76592999748699,0.3613369467028003
142,2020-06-12,Hong Kong,China,2020-06-13 03:33:14,1108.0,4.0,44.0,1060.0,22.300000000000008,114.20000000000003,"Hong Kong, China",14.77926868763829,0.3610108303249097
143,2020-06-13,Hong Kong,China,2020-06-14 03:33:15,1109.0,4.0,44.0,1061.0,22.300000000000008,114.20000000000003,"Hong Kong, China",14.792607377789588,0.3606853020739405
144,2020-06-14,Hong Kong,China,2020-06-15 03:33:14,1109.0,4.0,38.0,1067.0,22.300000000000008,114.20000000000003,"Hong Kong, China",14.792607377789588,0.3606853020739405
145,2020-06-15,Hong Kong,China,2020-06-16 04:33:09,1112.0,4.0,41.0,1067.0,22.300000000000008,114.20000000000003,"Hong Kong, China",14.83262344824348,0.3597122302158273
146,2020-06-16,Hong Kong,China,2020-06-17 04:33:21,1112.0,4.0,39.0,1069.0,22.300000000000008,114.20000000000003,"Hong Kong, China",14.83262344824348,0.3597122302158273
147,2020-06-17,Hong Kong,China,2020-06-18 04:33:18,1120.0,4.0,45.0,1071.0,22.300000000000008,114.20000000000003,"Hong Kong, China",14.939332969453869,0.3571428571428571
148,2020-06-18,Hong Kong,China,2020-06-19 04:33:17,1124.0,4.0,48.0,1072.0,22.300000000000008,114.20000000000003,"Hong Kong, China",14.99268773005906,0.3558718861209964
149,2020-06-19,Hong Kong,China,2020-06-20 04:33:19,1124.0,4.0,48.0,1072.0,22.300000000000008,114.20000000000003,"Hong Kong, China",14.99268773005906,0.3558718861209964
150,2020-06-20,Hong Kong,China,2020-06-21 04:33:19,1128.0,5.0,46.0,1077.0,22.300000000000008,114.20000000000003,"Hong Kong, China",15.04604249066425,0.4432624113475177
151,2020-06-21,Hong Kong,China,2020-06-22 04:33:20,1131.0,5.0,48.0,1078.0,22.300000000000008,114.20000000000003,"Hong Kong, China",15.086058561118143,0.4420866489832007
152,2020-06-22,Hong Kong,China,2020-06-23 04:33:22,1161.0,5.0,78.0,1078.0,22.300000000000008,114.20000000000003,"Hong Kong, China",15.486219265657088,0.4306632213608958
153,2020-06-23,Hong Kong,China,2020-06-24 04:33:28,1177.0,6.0,88.0,1083.0,22.300000000000008,114.20000000000003,"Hong Kong, China",15.699638308077857,0.5097706032285472
154,2020-06-24,Hong Kong,China,2020-06-25 05:26:54,1179.0,6.0,87.0,1086.0,22.300000000000008,114.20000000000003,"Hong Kong, China",15.726315688380456,0.5089058524173028
155,2020-06-25,Hong Kong,China,2020-06-26 04:33:43,1193.0,7.0,98.0,1088.0,22.300000000000008,114.20000000000003,"Hong Kong, China",15.913057350498628,0.586756077116513
156,2020-06-26,Hong Kong,China,2020-06-27 04:33:35,1196.0,7.0,98.0,1091.0,22.300000000000008,114.20000000000003,"Hong Kong, China",15.95307342095252,0.5852842809364549
157,2020-06-27,Hong Kong,China,2020-06-28 04:34:04,1197.0,7.0,95.0,1095.0,22.300000000000008,114.20000000000003,"Hong Kong, China",15.96641211110382,0.5847953216374269
158,2020-06-28,Hong Kong,China,2020-06-29 04:33:44,1199.0,7.0,88.0,1104.0,22.300000000000008,114.20000000000003,"Hong Kong, China",15.993089491406415,0.5838198498748958
159,2020-06-29,Hong Kong,China,2020-06-30 04:33:48,1203.0,7.0,91.0,1105.0,22.300000000000008,114.20000000000003,"Hong Kong, China",16.046444252011607,0.5818786367
160,2020-06-30,Hong Kong,China,2020-07-01 04:33:52,1205.0,7.0,91.0,1107.0,22.300000000000008,114.20000000000003,"Hong Kong, China",16.073121632314205,0.5809128630705395
161,2020-07-01,Hong Kong,China,2020-07-02 04:33:46,1233.0,7.0,109.0,1117.0,22.300000000000008,114.20000000000003,"Hong Kong, China",16.44660495655055,0.5677210056772101
162,2020-07-02,Hong Kong,China,2020-07-03 04:33:54,1242.0,7.0,115.0,1120.0,22.300000000000008,114.20000000000003,"Hong Kong, China",16.566653167912232,0.5636070853462157
163,2020-07-03,Hong Kong,China,2020-07-04 04:33:51,1247.0,7.0,115.0,1125.0,22.300000000000008,114.20000000000003,"Hong Kong, China",16.633346618668725,0.5613472333600642
164,2020-07-04,Hong Kong,China,2020-07-05 04:33:46,1258.0,7.0,106.0,1145.0,22.300000000000008,114.20000000000003,"Hong Kong, China",16.78007221033301,0.5564387917329093
165,2020-07-05,Hong Kong,China,2020-07-06 04:33:57,1268.0,7.0,105.0,1156.0,22.300000000000008,114.20000000000003,"Hong Kong, China",16.913459111845984,0.5520504731861199
166,2020-07-06,Hong Kong,China,2020-07-07 04:34:00,1285.0,7.0,121.0,1157.0,22.300000000000008,114.20000000000003,"Hong Kong, China",17.140216844418052,0.5447470817120622
167,2020-07-07,Hong Kong,China,2020-07-08 05:33:48,1299.0,7.0,131.0,1161.0,22.300000000000008,114.20000000000003,"Hong Kong, China",17.326958506536222,0.5388760585065435
168,2020-07-08,Hong Kong,China,2020-07-09 04:34:23,1323.0,7.0,149.0,1167.0,22.300000000000008,114.20000000000003,"Hong Kong, China",17.64708707016738,0.5291005291005291
169,2020-07-09,Hong Kong,China,2020-07-10 04:34:24,1365.0,7.0,191.0,1167.0,22.300000000000008,114.20000000000003,"Hong Kong, China",18.207312056521896,0.5128205128205128
170,2020-07-10,Hong Kong,China,2020-07-11 04:34:26,1365.0,7.0,191.0,1167.0,22.300000000000008,114.20000000000003,"Hong Kong, China",18.207312056521896,0.5128205128205128
171,2020-07-11,Hong Kong,China,2020-07-12 04:34:30,1431.0,7.0,227.0,1197.0,22.300000000000008,114.20000000000003,"Hong Kong, China",19.08766560650757,0.4891684136967156
172,2020-07-12,Hong Kong,China,2020-07-13 04:43:04,1469.0,7.0,248.0,1214.0,22.300000000000008,114.20000000000003,"Hong Kong, China",19.594535832256906,0.4765146358066712
173,2020-07-13,Hong Kong,China,2020-07-14 04:34:46,1469.0,7.0,248.0,1214.0,22.300000000000008,114.20000000000003,"Hong Kong, China",19.594535832256906,0.4765146358066712
174,2020-07-14,Hong Kong,China,2020-07-15 04:34:39,1569.0,8.0,332.0,1229.0,22.300000000000008,114.20000000000003,"Hong Kong, China",20.928404847386712,0.5098789037603569
175,2020-07-15,Hong Kong,China,2020-07-16 04:44:59,1588.0,10.0,337.0,1241.0,22.300000000000008,114.20000000000003,"Hong Kong, China",21.18183996026137,0.6297229219143576
176,2020-07-16,Hong Kong,China,2020-07-17 04:34:50,1655.0,10.0,391.0,1254.0,22.300000000000008,114.20000000000003,"Hong Kong, China",22.075532200398342,0.6042296072507553
177,2020-07-17,Hong Kong,China,2020-07-18 04:34:45,1655.0,10.0,391.0,1254.0,22.300000000000008,114.20000000000003,"Hong Kong, China",22.075532200398342,0.6042296072507553
178,2020-07-18,Hong Kong,China,2020-07-19 04:34:58,1655.0,10.0,391.0,1254.0,22.300000000000008,114.20000000000003,"Hong Kong, China",22.075532200398342,0.6042296072507553
179,2020-07-19,Hong Kong,China,2020-07-20 05:34:40,1655.0,10.0,391.0,1254.0,22.300000000000008,114.20000000000003,"Hong Kong, China",22.075532200398342,0.6042296072507553
180,2020-07-20,Hong Kong,China,2020-07-21 04:38:46,1655.0,10.0,391.0,1254.0,22.300000000000008,114.20000000000003,"Hong Kong, China",22.075532200398342,0.6042296072507553
181,2020-07-21,Hong Kong,China,2020-07-22 04:34:42,1655.0,10.0,391.0,1254.0,22.300000000000008,114.20000000000003,"Hong Kong, China",22.075532200398342,0.6042296072507553
182,2020-07-22,Hong Kong,China,2020-07-23 05:15:04,2131.0,14.0,773.0,1344.0,22.300000000000008,114.20000000000003,"Hong Kong, China",28.42474871241624,0.656968559361802
183,2020-07-23,Hong Kong,China,2020-07-24 05:30:40,2249.0,15.0,855.0,1379.0,22.300000000000008,114.20000000000003,"Hong Kong, China",29.998714150269407,0.6669630947087595
184,2020-07-24,Hong Kong,China,2020-07-25 04:47:39,2372.0,16.0,949.0,1407.0,22.300000000000008,114.20000000000003,"Hong Kong, China",31.63937303887908,0.6745362563237775
185,2020-07-25,Hong Kong,China,2020-07-26 04:35:00,2505.0,18.0,1032.0,1455.0,22.300000000000008,114.20000000000003,"Hong Kong, China",33.413418829001735,0.718562874251497
186,2020-07-26,Hong Kong,China,2020-07-27 04:35:02,2633.0,18.0,1120.0,1495.0,22.300000000000008,114.20000000000003,"Hong Kong, China",35.120771168367874,0.6836308393467527
187,2020-07-27,Hong Kong,China,2020-07-28 04:58:43,2778.0,22.0,1270.0,1486.0,22.300000000000008,114.20000000000003,"Hong Kong, China",37.05488124030611,0.7919366450683946
188,2020-07-28,Hong Kong,China,2020-07-29 04:35:11,2884.0,23.0,1334.0,1527.0,22.300000000000008,114.20000000000003,"Hong Kong, China",38.468782396343705,0.79750346740638
189,2020-07-29,Hong Kong,China,2020-07-30 04:35:05,3002.0,24.0,1387.0,1591.0,22.300000000000008,114.20000000000003,"Hong Kong, China",40.04274783419688,0.7994670219853431
190,2020-07-30,Hong Kong,China,2020-07-31 04:35:18,3151.0,25.0,1466.0,1660.0,22.300000000000008,114.20000000000003,"Hong Kong, China",42.0302126667403,0.7933989209774674
191,2020-07-31,Hong Kong,China,2020-08-01 04:36:27,3272.0,27.0,1494.0,1751.0,22.300000000000008,114.20000000000003,"Hong Kong, China",43.64419417504737,0.8251833740831296
192,2020-08-01,Hong Kong,China,2020-08-02 04:34:47,3396.0,33.0,1505.0,1858.0,22.300000000000008,114.20000000000003,"Hong Kong, China",45.298191753808325,0.9717314487632508
193,2020-08-02,Hong Kong,China,2020-08-03 04:34:35,3511.0,35.0,1517.0,1959.0,22.300000000000008,114.20000000000003,"Hong Kong, China",46.832141121207606,0.9968669894616918
194,2020-08-03,Hong Kong,China,2020-08-04 04:41:59,3589.0,38.0,1514.0,2037.0,22.300000000000008,114.20000000000003,"Hong Kong, China",47.87255895300886,1.058790749512399
195,2020-08-04,Hong Kong,China,2020-08-05 04:34:43,3669.0,42.0,1486.0,2141.0,22.300000000000008,114.20000000000003,"Hong Kong, China",48.93965416511272,1.144726083401472
196,2020-08-05,Hong Kong,China,2020-08-06 04:35:02,3754.0,43.0,1397.0,2314.0,22.300000000000008,114.20000000000003,"Hong Kong, China",50.07344282797306,1.1454448588172617
197,2020-08-06,Hong Kong,China,2020-08-07 04:35:11,3849.0,46.0,1345.0,2458.0,22.300000000000008,114.20000000000003,"Hong Kong, China",51.34061839234637,1.1951156144453106
198,2020-08-07,Hong Kong,China,2020-08-08 04:34:53,3938.0,47.0,1271.0,2620.0,22.300000000000008,114.20000000000003,"Hong Kong, China",52.5277618158119,1.1934992381919756
199,2020-08-08,Hong Kong,China,2020-08-09 04:34:54,4007.0,47.0,1205.0,2755.0,22.300000000000008,114.20000000000003,"Hong Kong, China",53.44813143625146,1.1729473421512353
200,2020-08-09,Hong Kong,China,2020-08-10 04:34:55,4079.0,52.0,1180.0,2847.0,22.300000000000008,114.20000000000003,"Hong Kong, China",54.408517127144925,1.274822260357931
201,2020-08-10,Hong Kong,China,2020-08-11 04:35:08,4148.0,55.0,1176.0,2917.0,22.300000000000008,114.20000000000003,"Hong Kong, China",55.3288867475845,1.325940212150434
202,2020-08-11,Hong Kong,China,2020-08-12 04:27:29,4181.0,59.0,1070.0,3052.0,22.300000000000008,114.20000000000003,"Hong Kong, China",55.769063522577326,1.4111456589332696
203,2020-08-12,Hong Kong,China,2020-08-13 04:29:15,4243.0,63.0,991.0,3189.0,22.300000000000008,114.20000000000003,"Hong Kong, China",56.596062311957816,1.4847984916332784
204,2020-08-13,Hong Kong,China,2020-08-14 04:51:19,4312.0,66.0,951.0,3295.0,22.300000000000008,114.20000000000003,"Hong Kong, China",57.51643193239738,1.530612244897959
205,2020-08-14,Hong Kong,China,2020-08-15 04:27:31,4360.0,67.0,901.0,3392.0,22.300000000000008,114.20000000000003,"Hong Kong, China",58.15668905965969,1.536697247706422
206,2020-08-15,Hong Kong,China,2020-08-16 04:27:42,4406.0,69.0,849.0,3488.0,22.300000000000008,114.20000000000003,"Hong Kong, China",58.770268806619406,1.566046300499319
207,2020-08-16,Hong Kong,China,2020-08-17 04:27:20,4480.0,69.0,862.0,3549.0,22.300000000000008,114.20000000000003,"Hong Kong, China",59.75733187781547,1.5401785714285714
208,2020-08-17,Hong Kong,China,2020-08-18 04:27:56,4524.0,69.0,856.0,3599.0,22.300000000000008,114.20000000000003,"Hong Kong, China",60.34423424447258,1.5251989389920424
209,2020-08-18,Hong Kong,China,2020-08-19 04:27:00,4560.0,71.0,812.0,3677.0,22.300000000000008,114.20000000000003,"Hong Kong, China",60.82442709,1.557017544
210,2020-08-19,Hong Kong,China,2020-08-20 04:27:43,4586.0,72.0,735.0,3779.0,22.300000000000008,114.20000000000003,"Hong Kong, China",61.17123303385306,1.569995638901003
211,2020-08-20,Hong Kong,China,2020-08-21 04:27:41,4604.0,75.0,702.0,3827.0,22.300000000000008,114.20000000000003,"Hong Kong, China",61.411329456576425,1.629018245004344
212,2020-08-21,Hong Kong,China,2020-08-22 04:27:49,4631.0,75.0,656.0,3900.0,22.300000000000008,114.20000000000003,"Hong Kong, China",61.77147409066148,1.6195206218959188
213,2020-08-22,Hong Kong,China,2020-08-23 04:27:48,4657.0,77.0,606.0,3974.0,22.300000000000008,114.20000000000003,"Hong Kong, China",62.11828003459522,1.6534249516856343
214,2020-08-23,Hong Kong,China,2020-08-24 04:27:56,4682.0,77.0,587.0,4018.0,22.300000000000008,114.20000000000003,"Hong Kong, China",62.45174728837768,1.644596326356258
215,2020-08-24,Hong Kong,China,2020-08-25 04:28:02,4691.0,77.0,562.0,4052.0,22.300000000000008,114.20000000000003,"Hong Kong, China",62.57179549973936,1.6414410573438498
216,2020-08-25,Hong Kong,China,2020-08-26 04:28:11,4710.0,78.0,524.0,4108.0,22.300000000000008,114.20000000000003,"Hong Kong, China",62.82523061261403,1.6560509554140128
217,2020-08-26,Hong Kong,China,2020-08-27 04:28:15,4734.0,79.0,494.0,4161.0,22.300000000000008,114.20000000000003,"Hong Kong, China",63.14535917624519,1.6687790452049007
218,2020-08-27,Hong Kong,China,2020-08-28 04:28:11,4755.0,81.0,474.0,4200.0,22.300000000000008,114.20000000000003,"Hong Kong, China",63.42547166942244,1.7034700315457414
219,2020-08-28,Hong Kong,China,2020-08-29 04:28:19,4768.0,84.0,435.0,4249.0,22.300000000000008,114.20000000000003,"Hong Kong, China",63.59887464138932,1.761744966442953
220,2020-08-29,Hong Kong,China,2020-08-30 04:28:22,4786.0,87.0,412.0,4287.0,22.300000000000008,114.20000000000003,"Hong Kong, China",63.83897106411269,1.817801922273297
221,2020-08-30,Hong Kong,China,2020-08-31 04:28:27,4801.0,88.0,393.0,4320.0,22.300000000000008,114.20000000000003,"Hong Kong, China",64.03905141638215,1.8329514684440744
222,2020-08-31,Hong Kong,China,2020-09-01 04:28:31,4810.0,89.0,379.0,4342.0,22.300000000000008,114.20000000000003,"Hong Kong, China",64.15909962774384,1.8503118503118503
223,2020-09-01,Hong Kong,China,2020-09-02 04:28:25,4822.0,90.0,352.0,4380.0,22.300000000000008,114.20000000000003,"Hong Kong, China",64.3191639095594,1.8664454583160517
224,2020-09-02,Hong Kong,China,2020-09-03 04:28:22,4830.0,93.0,336.0,4401.0,22.300000000000008,114.20000000000003,"Hong Kong, China",64.4258734307698,1.9254658385093169
225,2020-09-03,Hong Kong,China,2020-09-04 04:28:26,4838.0,94.0,313.0,4431.0,22.300000000000008,114.20000000000003,"Hong Kong, China",64.53258295198019,1.94295163290616
226,2020-09-04,Hong Kong,China,2020-09-05 04:28:19,4850.0,94.0,300.0,4456.0,22.300000000000008,114.20000000000003,"Hong Kong, China",64.69264723379575,1.9381443298969072
227,2020-09-05,Hong Kong,China,2020-09-06 04:28:33,4857.0,94.0,270.0,4493.0,22.300000000000008,114.20000000000003,"Hong Kong, China",64.78601806485484,1.9353510397364628
228,2020-09-06,Hong Kong,China,2020-09-07 04:28:30,4878.0,96.0,271.0,4511.0,22.300000000000008,114.20000000000003,"Hong Kong, China",65.0661305580321,1.968019680196802
229,2020-09-07,Hong Kong,China,2020-09-08 04:28:25,4889.0,98.0,267.0,4524.0,22.300000000000008,114.20000000000003,"Hong Kong, China",65.21285614969638,2.004499897729597
230,2020-09-08,Hong Kong,China,2020-09-09 04:28:48,4895.0,99.0,253.0,4543.0,22.300000000000008,114.20000000000003,"Hong Kong, China",65.29288829060417,2.02247191011236
231,2020-09-09,Hong Kong,China,2020-09-10 04:29:01,4901.0,99.0,245.0,4557.0,22.300000000000008,114.20000000000003,"Hong Kong, China",65.37292043151197,2.0199959192001637
232,2020-09-10,Hong Kong,China,2020-09-11 04:46:23,4913.0,99.0,232.0,4582.0,22.300000000000008,114.20000000000003,"Hong Kong, China",65.53298471332754,2.0150620801954
233,2020-09-11,Hong Kong,China,2020-09-12 04:25:05,4925.0,99.0,228.0,4598.0,22.300000000000008,114.20000000000003,"Hong Kong, China",65.69304899514312,2.010152284263959
234,2020-09-12,Hong Kong,China,2020-09-13 04:30:52,4938.0,100.0,225.0,4613.0,22.300000000000008,114.20000000000003,"Hong Kong, China",65.86645196711,2.025111381125962
235,2020-09-13,Hong Kong,China,2020-09-14 04:26:00,4957.0,100.0,227.0,4630.0,22.300000000000008,114.20000000000003,"Hong Kong, China",66.11988708,2.017349203
236,2020-09-14,Hong Kong,China,2020-09-15 03:22:50,4971.0,101.0,235.0,4635.0,22.300000000000008,114.20000000000003,"Hong Kong, China",66.30662874210283,2.031784349225508
237,2020-09-15,Hong Kong,China,2020-09-16 04:22:53,4975.0,102.0,227.0,4646.0,22.300000000000008,114.20000000000003,"Hong Kong, China",66.35998350270802,2.050251256281407
238,2020-09-16,Hong Kong,China,2020-09-17 04:22:00,4984.0,102.0,219.0,4663.0,22.300000000000008,114.20000000000003,"Hong Kong, China",66.48003171,2.046548957
239,2020-09-17,Hong Kong,China,2020-09-18 05:05:00,4993.0,102.0,209.0,4682.0,22.300000000000008,114.20000000000003,"Hong Kong, China",66.60007993,2.042860004
240,2020-09-18,Hong Kong,China,2020-09-19 04:22:00,4996.0,103.0,197.0,4696.0,22.300000000000008,114.20000000000003,"Hong Kong, China",66.640096,2.061649319
241,2020-09-19,Hong Kong,China,2020-09-20 04:22:00,5009.0,103.0,198.0,4708.0,22.300000000000008,114.20000000000003,"Hong Kong, China",66.81349897,2.056298662
242,2020-09-20,Hong Kong,China,2020-09-21 04:23:00,5032.0,103.0,217.0,4712.0,22.300000000000008,114.20000000000003,"Hong Kong, China",67.12028884,2.046899841
243,2020-09-21,Hong Kong,China,2020-09-22 04:23:00,5038.0,103.0,218.0,4717.0,22.300000000000008,114.20000000000003,"Hong Kong, China",67.20032098,2.044462088
244,2020-09-22,Hong Kong,China,2020-09-23 04:23:00,5046.0,103.0,214.0,4729.0,22.300000000000008,114.20000000000003,"Hong Kong, China",67.3070305,2.041220769
245,2020-09-23,Hong Kong,China,2020-09-24 04:23:00,5049.0,104.0,196.0,4749.0,22.300000000000008,114.20000000000003,"Hong Kong, China",67.34704657,2.059813825
246,2020-09-24,Hong Kong,China,2020-09-25 04:23:00,5056.0,104.0,194.0,4758.0,22.300000000000008,114.20000000000003,"Hong Kong, China",67.4404174,2.056962025
247,2020-09-25,Hong Kong,China,2020-09-26 04:23:00,5058.0,105.0,188.0,4765.0,22.300000000000008,114.20000000000003,"Hong Kong, China",67.46709479,2.075919336
248,2020-09-26,Hong Kong,China,2020-09-27 04:23:00,5059.0,105.0,177.0,4777.0,22.300000000000008,114.20000000000003,"Hong Kong, China",67.48043348,2.075508994
249,2020-09-27,Hong Kong,China,2020-09-28 04:23:00,5065.0,105.0,174.0,4786.0,22.300000000000008,114.20000000000003,"Hong Kong, China",67.56046562,2.073050346
250,2020-09-28,Hong Kong,China,2020-09-29 04:23:42,5075.0,105.0,180.0,4790.0,22.300000000000008,114.20000000000003,"Hong Kong, China",67.69385251783783,2.0689655172413794
251,2020-09-29,Hong Kong,China,2020-09-30 04:23:33,5079.0,105.0,167.0,4807.0,22.300000000000008,114.20000000000003,"Hong Kong, China",67.74720727844303,2.067336089781453
252,2020-09-30,Hong Kong,China,2020-10-01 04:23:42,5087.0,105.0,155.0,4827.0,22.300000000000008,114.20000000000003,"Hong Kong, China",67.85391679965339,2.064084922351091
253,2020-10-01,Hong Kong,China,2020-10-02 04:23:51,5097.0,105.0,155.0,4837.0,22.300000000000008,114.20000000000003,"Hong Kong, China",67.98730370116638,2.0600353148911124
254,2020-10-02,Hong Kong,China,2020-10-03 04:23:40,5104.0,105.0,156.0,4843.0,22.300000000000008,114.20000000000003,"Hong Kong, China",68.08067453222547,2.0572100313479624
255,2020-10-03,Hong Kong,China,2020-10-04 04:23:44,5108.0,105.0,154.0,4849.0,22.300000000000008,114.20000000000003,"Hong Kong, China",68.13402929283066,2.055599060297572
256,2020-10-04,Hong Kong,China,2020-10-05 04:23:33,5113.0,105.0,147.0,4861.0,22.300000000000008,114.20000000000003,"Hong Kong, China",68.20072274358716,2.053588891061999
257,2020-10-05,Hong Kong,China,2020-10-06 04:23:33,5124.0,105.0,155.0,4864.0,22.300000000000008,114.20000000000003,"Hong Kong, China",68.34744833525144,2.0491803278688523
258,2020-10-06,Hong Kong,China,2020-10-07 04:23:40,5132.0,105.0,152.0,4875.0,22.300000000000008,114.20000000000003,"Hong Kong, China",68.45415785646182,2.045985970381917
259,2020-10-07,Hong Kong,China,2020-10-08 04:23:56,5143.0,105.0,153.0,4885.0,22.300000000000008,114.20000000000003,"Hong Kong, China",68.60088344812611,2.04160995527902
260,2020-10-08,Hong Kong,China,2020-10-09 04:23:59,5161.0,105.0,166.0,4890.0,22.300000000000008,114.20000000000003,"Hong Kong, China",68.84097987084947,2.0344894400310016
261,2020-10-09,Hong Kong,China,2020-10-10 04:23:57,5169.0,105.0,158.0,4906.0,22.300000000000008,114.20000000000003,"Hong Kong, China",68.94768939205986,2.0313406848520024
262,2020-10-10,Hong Kong,China,2020-10-11 04:23:46,5175.0,105.0,156.0,4914.0,22.300000000000008,114.20000000000003,"Hong Kong, China",69.02772153296765,2.028985507246377
263,2020-10-11,Hong Kong,China,2020-10-12 04:23:45,5182.0,105.0,158.0,4919.0,22.300000000000008,114.20000000000003,"Hong Kong, China",69.12109236402672,2.026244693168661
264,2020-10-12,Hong Kong,China,2020-10-13 04:24:02,5193.0,105.0,167.0,4921.0,22.300000000000008,114.20000000000003,"Hong Kong, China",69.267817955691,2.021952628538417
265,2020-10-13,Hong Kong,China,2020-10-14 04:24:05,5201.0,105.0,165.0,4931.0,22.300000000000008,114.20000000000003,"Hong Kong, China",69.37452747690139,2.018842530282638
266,2020-10-14,Hong Kong,China,2020-10-15 04:24:28,5201.0,105.0,164.0,4932.0,22.300000000000008,114.20000000000003,"Hong Kong, China",69.37452747690139,2.018842530282638
267,2020-10-15,Hong Kong,China,2020-10-16 04:24:01,5213.0,105.0,165.0,4943.0,22.300000000000008,114.20000000000003,"Hong Kong, China",69.53459175871697,2.014195281028199
268,2020-10-16,Hong Kong,China,2020-10-17 04:24:12,5220.0,105.0,164.0,4951.0,22.300000000000008,114.20000000000003,"Hong Kong, China",69.62796258977606,2.0114942528735638
269,2020-10-17,Hong Kong,China,2020-10-18 04:24:25,5237.0,105.0,169.0,4963.0,22.300000000000008,114.20000000000003,"Hong Kong, China",69.85472032234811,2.0049646744319265
270,2020-10-18,Hong Kong,China,2020-10-19 04:24:16,5241.0,105.0,163.0,4973.0,22.300000000000008,114.20000000000003,"Hong Kong, China",69.90807508295332,2.003434459072696
271,2020-10-19,Hong Kong,China,2020-10-20 04:24:22,5256.0,105.0,169.0,4982.0,22.300000000000008,114.20000000000003,"Hong Kong, China",70.10815543522278,1.9977168949771689
272,2020-10-20,Hong Kong,China,2020-10-21 04:24:14,5261.0,105.0,160.0,4996.0,22.300000000000008,114.20000000000003,"Hong Kong, China",70.17484888597927,1.9958182854970536
273,2020-10-21,Hong Kong,China,2020-10-22 04:24:27,5269.0,105.0,160.0,5004.0,22.300000000000008,114.20000000000003,"Hong Kong, China",70.28155840718965,1.9927880053141012
274,2020-10-22,Hong Kong,China,2020-10-23 04:24:46,5280.0,105.0,156.0,5019.0,22.300000000000008,114.20000000000003,"Hong Kong, China",70.42828399885394,1.9886363636363635
275,2020-10-23,Hong Kong,China,2020-10-24 04:24:46,5284.0,105.0,150.0,5029.0,22.300000000000008,114.20000000000003,"Hong Kong, China",70.48163875945913,1.9871309613928845
276,2020-10-24,Hong Kong,China,2020-10-25 04:24:36,5289.0,105.0,143.0,5041.0,22.300000000000008,114.20000000000003,"Hong Kong, China",70.54833221021562,1.9852524106636416
277,2020-10-25,Hong Kong,China,2020-10-26 04:25:02,5295.0,105.0,143.0,5047.0,22.300000000000008,114.20000000000003,"Hong Kong, China",70.62836435112341,1.9830028328611895
278,2020-10-26,Hong Kong,China,2020-10-27 04:24:45,5303.0,105.0,148.0,5050.0,22.300000000000008,114.20000000000003,"Hong Kong, China",70.7350738723338,1.980011314350368
279,2020-10-27,Hong Kong,China,2020-10-28 04:24:39,5308.0,105.0,150.0,5053.0,22.300000000000008,114.20000000000003,"Hong Kong, China",70.8017673230903,1.978146194423512
280,2020-10-28,Hong Kong,China,2020-10-29 04:24:49,5310.0,105.0,142.0,5063.0,22.300000000000008,114.20000000000003,"Hong Kong, China",70.82844470339288,1.9774011299435028
281,2020-10-29,Hong Kong,China,2020-10-30 04:24:49,5313.0,105.0,135.0,5073.0,22.300000000000008,114.20000000000003,"Hong Kong, China",70.86846077384678,1.976284584980237
282,2020-10-30,Hong Kong,China,2020-10-31 04:24:44,5320.0,105.0,133.0,5082.0,22.300000000000008,114.20000000000003,"Hong Kong, China",70.96183160490587,1.973684210526316
283,2020-10-31,Hong Kong,China,2020-11-01 04:36:19,5323.0,105.0,129.0,5089.0,22.300000000000008,114.20000000000003,"Hong Kong, China",71.00184767535977,1.972571857974826
284,2020-11-01,Hong Kong,China,2020-11-02 05:25:04,5330.0,105.0,129.0,5096.0,22.300000000000008,114.20000000000003,"Hong Kong, China",71.09521850641885,1.9699812382739208
285,2020-11-02,Hong Kong,China,2020-11-03 06:00:16,5336.0,105.0,129.0,5102.0,22.300000000000008,114.20000000000003,"Hong Kong, China",71.17525064732664,1.9677661169415293
286,2020-11-03,Hong Kong,China,2020-11-04 05:25:09,5345.0,105.0,131.0,5109.0,22.300000000000008,114.20000000000003,"Hong Kong, China",71.29529885868831,1.9644527595884005
287,2020-11-04,Hong Kong,China,2020-11-05 06:05:03,5348.0,106.0,124.0,5118.0,22.300000000000008,114.20000000000003,"Hong Kong, China",71.3353149291422,1.9820493642483168
288,2020-11-05,Hong Kong,China,2020-11-06 05:24:55,5355.0,107.0,122.0,5126.0,22.300000000000008,114.20000000000003,"Hong Kong, China",71.4286857602013,1.9981325863678805
289,2020-11-06,Hong Kong,China,2020-11-07 05:24:52,5361.0,107.0,123.0,5131.0,22.300000000000008,114.20000000000003,"Hong Kong, China",71.50871790110908,1.995896288005969
290,2020-11-07,Hong Kong,China,2020-11-08 05:24:56,5364.0,107.0,118.0,5139.0,22.300000000000008,114.20000000000003,"Hong Kong, China",71.54873397156298,1.9947800149142432
291,2020-11-08,Hong Kong,China,2020-11-09 05:25:45,5374.0,107.0,123.0,5144.0,22.300000000000008,114.20000000000003,"Hong Kong, China",71.68212087307596,1.9910681056940829
292,2020-11-09,Hong Kong,China,2020-11-10 05:40:07,5380.0,107.0,127.0,5146.0,22.300000000000008,114.20000000000003,"Hong Kong, China",71.76215301398375,1.9888475836431228
293,2020-11-10,Hong Kong,China,2020-11-11 05:25:30,5389.0,108.0,128.0,5153.0,22.300000000000008,114.20000000000003,"Hong Kong, China",71.88220122534544,2.004082390053813
294,2020-11-11,Hong Kong,China,2020-11-12 05:25:55,5407.0,108.0,140.0,5159.0,22.300000000000008,114.20000000000003,"Hong Kong, China",72.1222976480688,1.997410763824672
295,2020-11-12,Hong Kong,China,2020-11-13 05:25:30,5430.0,108.0,152.0,5170.0,22.300000000000008,114.20000000000003,"Hong Kong, China",72.42908752154865,1.988950276243094
296,2020-11-13,Hong Kong,China,2020-11-14 05:25:37,5436.0,108.0,151.0,5177.0,22.300000000000008,114.20000000000003,"Hong Kong, China",72.50911966245644,1.9867549668874167
297,2020-11-14,Hong Kong,China,2020-11-15 05:26:53,5444.0,108.0,149.0,5187.0,22.300000000000008,114.20000000000003,"Hong Kong, China",72.61582918366683,1.9838354151359292
298,2020-11-15,Hong Kong,China,2020-11-16 05:25:57,5458.0,108.0,156.0,5194.0,22.300000000000008,114.20000000000003,"Hong Kong, China",72.802570845785,1.978746793697325
299,2020-11-16,Hong Kong,China,2020-11-17 05:25:54,5466.0,108.0,160.0,5198.0,22.300000000000008,114.20000000000003,"Hong Kong, China",72.90928036699539,1.9758507135016463
300,2020-11-17,Hong Kong,China,2020-11-18 05:40:31,5470.0,108.0,150.0,5212.0,22.300000000000008,114.20000000000003,"Hong Kong, China",72.96263512760058,1.974405850091408
301,2020-11-18,Hong Kong,China,2020-11-19 05:25:23,5479.0,108.0,147.0,5224.0,22.300000000000008,114.20000000000003,"Hong Kong, China",73.08268333896225,1.9711626209162256
302,2020-11-19,Hong Kong,China,2020-11-20 05:26:28,5491.0,108.0,150.0,5233.0,22.300000000000008,114.20000000000003,"Hong Kong, China",73.24274762077782,1.966854853396467
303,2020-11-20,Hong Kong,China,2020-11-21 05:25:51,5517.0,108.0,170.0,5239.0,22.300000000000008,114.20000000000003,"Hong Kong, China",73.5895535647116,1.9575856443719413
304,2020-11-21,Hong Kong,China,2020-11-22 05:25:45,5560.0,108.0,204.0,5248.0,22.300000000000008,114.20000000000003,"Hong Kong, China",74.1631172412174,1.9424460431654675
305,2020-11-22,Hong Kong,China,2020-11-23 05:25:26,5628.0,108.0,261.0,5259.0,22.300000000000008,114.20000000000003,"Hong Kong, China",75.07014817150569,1.9189765458422172
306,2020-11-23,Hong Kong,China,2020-11-24 05:27:31,5701.0,108.0,326.0,5267.0,22.300000000000008,114.20000000000003,"Hong Kong, China",76.04387255255044,1.8944044904402737
307,2020-11-24,Hong Kong,China,2020-11-25 05:27:20,5781.0,108.0,399.0,5274.0,22.300000000000008,114.20000000000003,"Hong Kong, China",77.11096776465429,1.868188894654904
308,2020-11-25,Hong Kong,China,2020-11-26 05:27:44,5866.0,108.0,463.0,5295.0,22.300000000000008,114.20000000000003,"Hong Kong, China",78.24475642751463,1.8411183088987384
309,2020-11-26,Hong Kong,China,2020-11-27 05:26:53,5947.0,108.0,539.0,5300.0,22.300000000000008,114.20000000000003,"Hong Kong, China",79.32519032976977,1.8160417016983352
310,2020-11-27,Hong Kong,China,2020-11-28 05:25:50,6039.0,108.0,618.0,5313.0,22.300000000000008,114.20000000000003,"Hong Kong, China",80.5523498236892,1.7883755588673622
311,2020-11-28,Hong Kong,China,2020-11-29 05:25:55,6123.0,109.0,686.0,5328.0,22.300000000000008,114.20000000000003,"Hong Kong, China",81.67279979639824,1.7801731177527356
312,2020-11-29,Hong Kong,China,2020-11-30 05:26:13,6238.0,109.0,789.0,5340.0,22.300000000000008,114.20000000000003,"Hong Kong, China",83.20674916379751,1.7473549214491824
313,2020-11-30,Hong Kong,China,2020-12-01 05:26:18,6314.0,109.0,861.0,5344.0,22.300000000000008,114.20000000000003,"Hong Kong, China",84.22048961529617,1.7263224580297751
314,2020-12-01,Hong Kong,China,2020-12-02 05:27:41,6396.0,109.0,926.0,5361.0,22.300000000000008,114.20000000000003,"Hong Kong, China",85.31426220770261,1.7041901188242652
315,2020-12-02,Hong Kong,China,2020-12-03 05:28:22,6499.0,110.0,995.0,5394.0,22.300000000000008,114.20000000000003,"Hong Kong, China",86.6881472932863,1.6925680873980613
316,2020-12-03,Hong Kong,China,2020-12-04 05:27:27,6589.0,111.0,1055.0,5423.0,22.300000000000008,114.20000000000003,"Hong Kong, China",87.88862940690315,1.6846258916375778
317,2020-12-04,Hong Kong,China,2020-12-05 05:27:36,6701.0,112.0,1124.0,5465.0,22.300000000000008,114.20000000000003,"Hong Kong, China",89.38256270384855,1.6713923295030593
318,2020-12-05,Hong Kong,China,2020-12-06 05:26:18,6802.0,112.0,1179.0,5511.0,22.300000000000008,114.20000000000003,"Hong Kong, China",90.72977040912964,1.6465745369009115
319,2020-12-06,Hong Kong,China,2020-12-07 05:26:14,6897.0,112.0,1218.0,5567.0,22.300000000000008,114.20000000000003,"Hong Kong, China",91.99694597350296,1.623894446860954
320,2020-12-07,Hong Kong,China,2020-12-08 05:27:42,6975.0,112.0,1237.0,5626.0,22.300000000000008,114.20000000000003,"Hong Kong, China",93.0373638053042,1.6057347670250897
321,2020-12-08,Hong Kong,China,2020-12-09 05:28:01,7075.0,112.0,1267.0,5696.0,22.300000000000008,114.20000000000003,"Hong Kong, China",94.37123282043402,1.5830388692579505
322,2020-12-09,Hong Kong,China,2020-12-10 05:26:19,7179.0,114.0,1282.0,5783.0,22.300000000000008,114.20000000000003,"Hong Kong, China",95.75845659616904,1.5879648976180527
323,2020-12-10,Hong Kong,China,2020-12-11 05:26:59,7291.0,114.0,1277.0,5900.0,22.300000000000008,114.20000000000003,"Hong Kong, China",97.2523898931144,1.563571526539569
324,2020-12-11,Hong Kong,China,2020-12-12 05:26:19,7377.0,114.0,1267.0,5996.0,22.300000000000008,114.20000000000003,"Hong Kong, China",98.39951724612604,1.5453436356242376
325,2020-12-12,Hong Kong,China,2020-12-13 05:27:20,7446.0,115.0,1217.0,6114.0,22.300000000000008,114.20000000000003,"Hong Kong, China",99.3198868665656,1.5444533977974753
326,2020-12-13,Hong Kong,China,2020-12-14 05:26:27,7541.0,117.0,1222.0,6202.0,22.300000000000008,114.20000000000003,"Hong Kong, China",100.58706243093891,1.5515183662644212
327,2020-12-14,Hong Kong,China,2020-12-15 05:26:38,7623.0,120.0,1237.0,6266.0,22.300000000000008,114.20000000000003,"Hong Kong, China",101.68083502334538,1.5741833923652109
328,2020-12-15,Hong Kong,China,2020-12-16 05:28:04,7721.0,123.0,1253.0,6345.0,22.300000000000008,114.20000000000003,"Hong Kong, China",102.9880266581726,1.5930578940551745
329,2020-12-16,Hong Kong,China,2020-12-17 05:28:12,7803.0,123.0,1241.0,6439.0,22.300000000000008,114.20000000000003,"Hong Kong, China",104.08179925057904,1.576316801230296
330,2020-12-17,Hong Kong,China,2020-12-18 05:28:18,7899.0,125.0,1240.0,6534.0,22.300000000000008,114.20000000000003,"Hong Kong, China",105.36231350510364,1.58247879478415
331,2020-12-18,Hong Kong,China,2020-12-19 05:27:52,7969.0,129.0,1212.0,6628.0,22.300000000000008,114.20000000000003,"Hong Kong, China",106.29602181569452,1.61877274438449
332,2020-12-19,Hong Kong,China,2020-12-20 05:27:32,8078.0,129.0,1212.0,6737.0,22.300000000000008,114.20000000000003,"Hong Kong, China",107.749939042186,1.5969299331517703
333,2020-12-20,Hong Kong,China,2020-12-21 05:27:58,8152.0,130.0,1185.0,6837.0,22.300000000000008,114.20000000000003,"Hong Kong, China",108.73700211338203,1.5947006869479885
334,2020-12-21,Hong Kong,China,2020-12-22 05:22:33,8237.0,131.0,1196.0,6910.0,22.300000000000008,114.20000000000003,"Hong Kong, China",109.87079077624242,1.5903848488527377
335,2020-12-22,Hong Kong,China,2020-12-23 05:22:03,8300.0,132.0,1173.0,6995.0,22.300000000000008,114.20000000000003,"Hong Kong, China",110.7111282557742,1.5903614457831323
336,2020-12-23,Hong Kong,China,2020-12-24 05:23:04,8353.0,133.0,1108.0,7112.0,22.300000000000008,114.20000000000003,"Hong Kong, China",111.418078833793,1.5922423081527597
337,2020-12-24,Hong Kong,China,2020-12-25 05:22:48,8424.0,135.0,1086.0,7203.0,22.300000000000008,114.20000000000003,"Hong Kong, China",112.36512583453516,1.6025641025641026
338,2020-12-25,Hong Kong,China,2020-12-26 05:22:28,8481.0,136.0,1028.0,7317.0,22.300000000000008,114.20000000000003,"Hong Kong, China",113.12543117315914,1.6035844829619148
339,2020-12-26,Hong Kong,China,2020-12-27 05:22:55,8540.0,136.0,1010.0,7394.0,22.300000000000008,114.20000000000003,"Hong Kong, China",113.91241389208572,1.5925058548009368
340,2020-12-27,Hong Kong,China,2020-12-28 05:22:06,8610.0,137.0,999.0,7474.0,22.300000000000008,114.20000000000003,"Hong Kong, China",114.8461222026766,1.5911730545876888
341,2020-12-28,Hong Kong,China,2020-12-29 05:22:37,8671.0,141.0,1004.0,7526.0,22.300000000000008,114.20000000000003,"Hong Kong, China",115.65978230190578,1.626110021912121
342,2020-12-29,Hong Kong,China,2020-12-30 05:22:34,8724.0,143.0,965.0,7616.0,22.300000000000008,114.20000000000003,"Hong Kong, China",116.36673287992458,1.6391563502980284
343,2020-12-30,Hong Kong,China,2020-12-31 05:22:49,8778.0,147.0,909.0,7722.0,22.300000000000008,114.20000000000003,"Hong Kong, China",117.08702214809468,1.674641148325359
344,2020-12-31,Hong Kong,China,2021-01-01 05:23:07,8846.0,148.0,885.0,7813.0,22.300000000000008,114.20000000000003,"Hong Kong, China",117.99405307838296,1.6730725751752205
